stamped_at,licensee,order_ref,item_title,license_date,source_file,output_file,pages,owner_password,status,notes
2026-08-20T21:11:34,"First Baptist Church, Springfield",5TX99001AA111111A,Evening Bells,8/18/26,samples/catalog/Evening Bells/choral_score.pdf,samples/licensed/Evening_Bells_choral_score__First_Baptist_Church_Springfield.pdf,2,vYOzOSZkcYX2trVC,ok,qpdf not installed; flatten step skipped
2026-08-20T21:11:35,"First Baptist Church, Springfield",5TX99001AA111111A,Evening Bells,8/18/26,samples/catalog/Evening Bells/organ.pdf,samples/licensed/Evening_Bells_organ__First_Baptist_Church_Springfield.pdf,2,vYOzOSZkcYX2trVC,ok,qpdf not installed; flatten step skipped
2026-08-20T21:11:35,"First Baptist Church, Springfield",5TX99001AA111111A,Evening Bells,8/18/26,samples/catalog/Evening Bells/score.pdf,samples/licensed/Evening_Bells_score__First_Baptist_Church_Springfield.pdf,3,vYOzOSZkcYX2trVC,ok,qpdf not installed; flatten step skipped
2026-08-20T21:11:35,Maria Delgado,5TX99002BB222222B,Fanfare for Two Trumpets,8/18/26,samples/catalog/Fanfare for Two Trumpets/score.pdf,samples/licensed/Fanfare_for_Two_Trumpets_score__Maria_Delgado.pdf,2,EvRe2TzUWt4OG2ZY,ok,qpdf not installed; flatten step skipped
2026-08-20T21:11:35,Maria Delgado,5TX99002BB222222B,Fanfare for Two Trumpets,8/18/26,samples/catalog/Fanfare for Two Trumpets/trumpet_1.pdf,samples/licensed/Fanfare_for_Two_Trumpets_trumpet_1__Maria_Delgado.pdf,1,EvRe2TzUWt4OG2ZY,ok,qpdf not installed; flatten step skipped
2026-08-20T21:11:35,Maria Delgado,5TX99002BB222222B,Fanfare for Two Trumpets,8/18/26,samples/catalog/Fanfare for Two Trumpets/trumpet_2.pdf,samples/licensed/Fanfare_for_Two_Trumpets_trumpet_2__Maria_Delgado.pdf,1,EvRe2TzUWt4OG2ZY,ok,qpdf not installed; flatten step skipped
2026-08-20T21:11:35,Northside High School Band,5TX99003CC333333C,Evening Bells,8/19/26,samples/catalog/Evening Bells/choral_score.pdf,samples/licensed/Evening_Bells_choral_score__Northside_High_School_Band.pdf,2,J-HJ8mn5HKkv4lrY,ok,qpdf not installed; flatten step skipped
2026-08-20T21:11:36,Northside High School Band,5TX99003CC333333C,Evening Bells,8/19/26,samples/catalog/Evening Bells/organ.pdf,samples/licensed/Evening_Bells_organ__Northside_High_School_Band.pdf,2,J-HJ8mn5HKkv4lrY,ok,qpdf not installed; flatten step skipped
2026-08-20T21:11:36,Northside High School Band,5TX99003CC333333C,Evening Bells,8/19/26,samples/catalog/Evening Bells/score.pdf,samples/licensed/Evening_Bells_score__Northside_High_School_Band.pdf,3,J-HJ8mn5HKkv4lrY,ok,qpdf not installed; flatten step skipped
